{"kobertscore_f1": 0.6627741990722678, "type_score": 0.9757575757575757, "quality_score": 0.9876175922313262, "bleu_score": 0.568151059955781, "perplexity_score": 0.9093510209390038}