{"kobertscore_f1": 0.6629736798822725, "type_score": 0.9740045013850495, "quality_score": 0.934519520429319, "bleu_score": 0.5632121191135724, "perplexity_score": 0.9146295013849294}