{"kobertscore_f1": 0.6513548283700841, "type_score": 0.9829165719481702, "quality_score": 0.966228120027279, "bleu_score": 0.6236901000227324, "perplexity_score": 0.9303591725392135}