{"kobertscore_f1": 0.6616831049615365, "type_score": 0.9748154267127885, "quality_score": 0.9825094222727038, "bleu_score": 0.554184723010997, "perplexity_score": 0.9054468480561721}