{"kobertscore_f1": 0.924513201174743, "type_score": 0.9127753303964758, "quality_score": 0.7900146842878121, "bleu_score": 0.855740381791483, "perplexity_score": 0.6619676945668135}