{"kobertscore_f1": 0.6582571929824562, "type_score": 0.9669590643274854, "quality_score": 0.7821637426900585, "bleu_score": 0.23068187134502927, "perplexity_score": 0.9011695906432748}