{"kobertscore_f1": 0.6095258874748828, "type_score": 0.9615539182853314, "quality_score": 0.9603985264567984, "bleu_score": 0.2151144340254521, "perplexity_score": 0.9355659745478901}