{"kobertscore_f1": 0.6475211295681064, "type_score": 0.9365448504983388, "quality_score": 0.7050664451827242, "bleu_score": 0.21644933333333333, "perplexity_score": 0.7727574750830565}