{"kobertscore_f1": 0.6926361787365177, "type_score": 0.9983650059921246, "quality_score": 0.9815998972778633, "bleu_score": 0.7048496789658419, "perplexity_score": 0.9122581749700394}