{"kobertscore_f1": 0.6208542542787286, "type_score": 0.9501222493887531, "quality_score": 0.8453545232273839, "bleu_score": 0.1845466992665037, "perplexity_score": 0.9513447432762837}