{"kobertscore_f1": 0.6624937053456363, "type_score": 0.9727202433115109, "quality_score": 0.9538223619774215, "bleu_score": 0.5495361410381978, "perplexity_score": 0.9112840868085984}