{"kobertscore_f1": 0.9444399118942727, "type_score": 0.8917767988252571, "quality_score": 0.7675991189427316, "bleu_score": 0.8561798825256983, "perplexity_score": 0.6317180616740097}