{"kobertscore_f1": 0.6830045903936808, "type_score": 1.0, "quality_score": 0.990277423875653, "bleu_score": 0.7289031660084088, "perplexity_score": 0.9220028029048286}