{"kobertscore_f1": 0.5409039999999999, "type_score": 1.0, "quality_score": 0.7583333333333333, "bleu_score": 0.1395266666666667, "perplexity_score": 0.62}