{"kobertscore_f1": 0.8406706666666667, "type_score": 0.0, "quality_score": 0.75, "bleu_score": 0.8553233333333333, "perplexity_score": 0.8666666666666667}