{"kobertscore_f1": 0.6655026666666667, "type_score": 1.0, "quality_score": 0.9341666666666666, "bleu_score": 0.51461, "perplexity_score": 0.8733333333333333}