{"kobertscore_f1": 0.6772396666666667, "type_score": 1.0, "quality_score": 0.9875, "bleu_score": 0.62275, "perplexity_score": 0.9266666666666666}